{
  "batch_id": "batch_20250731_192815",
  "timestamp": "2025-07-31T20:52:54.734220",
  "num_simulations": 3,
  "completed_simulations": 3,
  "failed_simulations": 0,
  "success_rate": 1.0,
  "task_statistics": {
    "mean": 29.666666666666668,
    "std": 1.5275252316519468,
    "min": 28,
    "max": 31
  },
  "message_statistics": {
    "mean": 242,
    "std": 26.210684844162312,
    "min": 220,
    "max": 271
  },
  "agent_performance": {
    "agent_1": {
      "mean_score": 20.666666666666668,
      "std": 8.020806277010642,
      "min": 13,
      "max": 29,
      "appearances": 3
    },
    "agent_10": {
      "mean_score": 24.666666666666668,
      "std": 3.511884584284246,
      "min": 21,
      "max": 28,
      "appearances": 3
    },
    "agent_2": {
      "mean_score": 18.666666666666668,
      "std": 3.0550504633038935,
      "min": 16,
      "max": 22,
      "appearances": 3
    },
    "agent_3": {
      "mean_score": 15.333333333333334,
      "std": 2.516611478423583,
      "min": 13,
      "max": 18,
      "appearances": 3
    },
    "agent_4": {
      "mean_score": 20,
      "std": 2.6457513110645907,
      "min": 18,
      "max": 23,
      "appearances": 3
    },
    "agent_5": {
      "mean_score": 15,
      "std": 4.358898943540674,
      "min": 12,
      "max": 20,
      "appearances": 3
    },
    "agent_6": {
      "mean_score": 24.666666666666668,
      "std": 5.8594652770823155,
      "min": 18,
      "max": 29,
      "appearances": 3
    },
    "agent_7": {
      "mean_score": 21.666666666666668,
      "std": 4.725815626252609,
      "min": 18,
      "max": 27,
      "appearances": 3
    },
    "agent_8": {
      "mean_score": 17,
      "std": 2.0,
      "min": 15,
      "max": 19,
      "appearances": 3
    },
    "agent_9": {
      "mean_score": 20,
      "std": 1.7320508075688772,
      "min": 19,
      "max": 22,
      "appearances": 3
    }
  },
  "winner_distribution": {
    "agent_6": 2,
    "agent_1": 1
  }
}