model,complexity,revenue_per_round,tasks_per_round,messages_per_round,efficiency
gpt-4.1-mini,2.0,7100.0,3.2,45.0,157.77777777777777
gpt-5,2.5,0.0,0.0,0.1,0.0
o3-mini,3.0,12500.0,5.8,62.0,201.61290322580646
gpt-4.1,4.0,10200.0,4.9,78.0,130.76923076923077
o3,5.0,8900.0,4.1,95.0,93.6842105263158
