{
  "batch_id": "batch_20250805_161450",
  "timestamp": "2025-08-05T16:59:27.024406",
  "num_simulations": 10,
  "completed_simulations": 10,
  "failed_simulations": 0,
  "success_rate": 1.0,
  "task_statistics": {
    "mean": 30.8,
    "std": 2.485513584307633,
    "min": 26,
    "max": 34
  },
  "message_statistics": {
    "mean": 236.2,
    "std": 8.508818954473059,
    "min": 227,
    "max": 257
  },
  "agent_performance": {
    "agent_1": {
      "mean_score": 23,
      "std": 3.3665016461206925,
      "min": 18,
      "max": 28,
      "appearances": 10
    },
    "agent_10": {
      "mean_score": 22.3,
      "std": 8.014570065407959,
      "min": 12,
      "max": 38,
      "appearances": 10
    },
    "agent_2": {
      "mean_score": 21.7,
      "std": 3.3681514877517675,
      "min": 18,
      "max": 27,
      "appearances": 10
    },
    "agent_3": {
      "mean_score": 22,
      "std": 4.4969125210773475,
      "min": 17,
      "max": 33,
      "appearances": 10
    },
    "agent_4": {
      "mean_score": 20.7,
      "std": 6.254775952999613,
      "min": 13,
      "max": 31,
      "appearances": 10
    },
    "agent_5": {
      "mean_score": 19.1,
      "std": 8.875058685251984,
      "min": 0,
      "max": 33,
      "appearances": 10
    },
    "agent_6": {
      "mean_score": 21.4,
      "std": 2.0655911179772892,
      "min": 19,
      "max": 25,
      "appearances": 10
    },
    "agent_7": {
      "mean_score": 21.2,
      "std": 5.593647190240808,
      "min": 12,
      "max": 29,
      "appearances": 10
    },
    "agent_8": {
      "mean_score": 20.4,
      "std": 4.501851470969102,
      "min": 16,
      "max": 29,
      "appearances": 10
    },
    "agent_9": {
      "mean_score": 22.4,
      "std": 4.880801391392834,
      "min": 16,
      "max": 30,
      "appearances": 10
    }
  },
  "winner_distribution": {
    "agent_1": 3,
    "agent_10": 2,
    "agent_3": 1,
    "agent_7": 1,
    "agent_5": 1,
    "agent_4": 2
  }
}