{
  "batch_id": "batch_20250805_140835",
  "timestamp": "2025-08-05T14:48:03.537108",
  "num_simulations": 10,
  "completed_simulations": 10,
  "failed_simulations": 0,
  "success_rate": 1.0,
  "task_statistics": {
    "mean": 28.6,
    "std": 1.6465452046971292,
    "min": 25,
    "max": 31
  },
  "message_statistics": {
    "mean": 240.4,
    "std": 10.06865322561949,
    "min": 228,
    "max": 257
  },
  "agent_performance": {
    "agent_1": {
      "mean_score": 23.7,
      "std": 2.9832867780352594,
      "min": 20,
      "max": 29,
      "appearances": 10
    },
    "agent_10": {
      "mean_score": 20.5,
      "std": 3.8944404818493075,
      "min": 15,
      "max": 26,
      "appearances": 10
    },
    "agent_2": {
      "mean_score": 21.4,
      "std": 5.621387729022079,
      "min": 14,
      "max": 32,
      "appearances": 10
    },
    "agent_3": {
      "mean_score": 18.1,
      "std": 7.1250730990402245,
      "min": 12,
      "max": 31,
      "appearances": 10
    },
    "agent_4": {
      "mean_score": 21.1,
      "std": 5.087020520675908,
      "min": 14,
      "max": 30,
      "appearances": 10
    },
    "agent_5": {
      "mean_score": 16.5,
      "std": 5.275730597114805,
      "min": 11,
      "max": 25,
      "appearances": 10
    },
    "agent_6": {
      "mean_score": 18.6,
      "std": 6.535373831014651,
      "min": 9,
      "max": 30,
      "appearances": 10
    },
    "agent_7": {
      "mean_score": 18.1,
      "std": 5.043147165543886,
      "min": 5,
      "max": 22,
      "appearances": 10
    },
    "agent_8": {
      "mean_score": 17.8,
      "std": 5.692099788303083,
      "min": 10,
      "max": 27,
      "appearances": 10
    },
    "agent_9": {
      "mean_score": 19.9,
      "std": 6.6072350915913045,
      "min": 10,
      "max": 32,
      "appearances": 10
    }
  },
  "winner_distribution": {
    "agent_1": 4,
    "agent_3": 2,
    "agent_2": 1,
    "agent_8": 1,
    "agent_9": 1,
    "agent_5": 1
  }
}