{
  "batch_id": "batch_20250805_113756",
  "timestamp": "2025-08-05T12:21:27.352754",
  "num_simulations": 10,
  "completed_simulations": 10,
  "failed_simulations": 0,
  "success_rate": 1.0,
  "task_statistics": {
    "mean": 30.9,
    "std": 1.5238839267549948,
    "min": 29,
    "max": 33
  },
  "message_statistics": {
    "mean": 234.1,
    "std": 10.58772874605314,
    "min": 218,
    "max": 250
  },
  "agent_performance": {
    "agent_1": {
      "mean_score": 20.1,
      "std": 2.8848262031225076,
      "min": 17,
      "max": 25,
      "appearances": 10
    },
    "agent_10": {
      "mean_score": 21.1,
      "std": 6.1544924874255695,
      "min": 13,
      "max": 31,
      "appearances": 10
    },
    "agent_2": {
      "mean_score": 23.8,
      "std": 4.184627953726724,
      "min": 19,
      "max": 33,
      "appearances": 10
    },
    "agent_3": {
      "mean_score": 20.8,
      "std": 5.4528280124476085,
      "min": 14,
      "max": 35,
      "appearances": 10
    },
    "agent_4": {
      "mean_score": 19.3,
      "std": 4.738729318662921,
      "min": 11,
      "max": 27,
      "appearances": 10
    },
    "agent_5": {
      "mean_score": 21,
      "std": 3.2317865716108862,
      "min": 18,
      "max": 27,
      "appearances": 10
    },
    "agent_6": {
      "mean_score": 20.7,
      "std": 5.598610938835136,
      "min": 12,
      "max": 30,
      "appearances": 10
    },
    "agent_7": {
      "mean_score": 26.3,
      "std": 4.808557187163549,
      "min": 17,
      "max": 32,
      "appearances": 10
    },
    "agent_8": {
      "mean_score": 23,
      "std": 5.887840577551898,
      "min": 14,
      "max": 32,
      "appearances": 10
    },
    "agent_9": {
      "mean_score": 24.4,
      "std": 7.47142705393168,
      "min": 12,
      "max": 37,
      "appearances": 10
    }
  },
  "winner_distribution": {
    "agent_9": 2,
    "agent_10": 2,
    "agent_3": 1,
    "agent_4": 1,
    "agent_2": 1,
    "agent_7": 3
  }
}