{
  "batch_id": "batch_20250804_175021",
  "timestamp": "2025-08-04T18:20:13.209130",
  "num_simulations": 3,
  "completed_simulations": 3,
  "failed_simulations": 0,
  "success_rate": 1.0,
  "task_statistics": {
    "mean": 32.333333333333336,
    "std": 2.0816659994661326,
    "min": 30,
    "max": 34
  },
  "message_statistics": {
    "mean": 227,
    "std": 14.422205101855956,
    "min": 211,
    "max": 239
  },
  "agent_performance": {
    "agent_1": {
      "mean_score": 23.666666666666668,
      "std": 0.5773502691896257,
      "min": 23,
      "max": 24,
      "appearances": 3
    },
    "agent_10": {
      "mean_score": 26.333333333333332,
      "std": 3.7859388972001824,
      "min": 22,
      "max": 29,
      "appearances": 3
    },
    "agent_2": {
      "mean_score": 21.333333333333332,
      "std": 6.027713773341708,
      "min": 15,
      "max": 27,
      "appearances": 3
    },
    "agent_3": {
      "mean_score": 23,
      "std": 7.810249675906654,
      "min": 18,
      "max": 32,
      "appearances": 3
    },
    "agent_4": {
      "mean_score": 17,
      "std": 6.082762530298219,
      "min": 13,
      "max": 24,
      "appearances": 3
    },
    "agent_5": {
      "mean_score": 24.666666666666668,
      "std": 6.6583281184793925,
      "min": 17,
      "max": 29,
      "appearances": 3
    },
    "agent_6": {
      "mean_score": 22.666666666666668,
      "std": 2.516611478423583,
      "min": 20,
      "max": 25,
      "appearances": 3
    },
    "agent_7": {
      "mean_score": 21.666666666666668,
      "std": 8.020806277010642,
      "min": 14,
      "max": 30,
      "appearances": 3
    },
    "agent_8": {
      "mean_score": 18.666666666666668,
      "std": 9.018499505645789,
      "min": 10,
      "max": 28,
      "appearances": 3
    },
    "agent_9": {
      "mean_score": 19.333333333333332,
      "std": 2.0816659994661326,
      "min": 17,
      "max": 21,
      "appearances": 3
    }
  },
  "winner_distribution": {
    "agent_3": 1,
    "agent_7": 1,
    "agent_10": 1
  }
}