{
  "metadata": {
    "timestamp": "2025-08-13T12:03:22.024323",
    "total_simulations": 11,
    "rounds_per_simulation": 10,
    "agent_count": 10
  },
  "raw_data": {
    "uncooperative_counts": [
      0,
      1,
      2,
      3,
      4,
      5,
      6,
      7,
      8,
      9,
      10
    ],
    "task_completions": [
      22,
      30,
      28,
      23,
      15,
      27,
      12,
      15,
      17,
      19,
      18
    ],
    "messages": [
      239,
      249,
      243,
      300,
      255,
      302,
      277,
      309,
      282,
      328,
      324
    ],
    "deceptions": [
      19,
      7,
      14,
      27,
      24,
      53,
      35,
      48,
      55,
      56,
      63
    ]
  },
  "statistical_analysis": {
    "normality_p_value": 0.6271877884864807,
    "is_normal": true,
    "pearson": {
      "r": -0.5905774734979434,
      "p": 0.055747492111517354
    },
    "spearman": {
      "r": -0.5512542775696283,
      "p": 0.07878928423361271
    },
    "linear": {
      "coefficients": [
        -1.054545454545455,
        25.818181818181824
      ],
      "r2": 0.3487817522032143,
      "rmse": 4.5567133291042525
    },
    "quadratic": {
      "coefficients": [
        0.1258741258741266,
        -2.3132867132867188,
        27.706293706293717
      ],
      "r2": 0.3875423695019341,
      "rmse": 4.419024927469803
    },
    "cubic": {
      "coefficients": [
        0.08041958041958054,
        -1.0804195804195826,
        2.2867132867132933,
        24.811188811188828
      ],
      "r2": 0.5014555170076165,
      "rmse": 3.9869462779191487
    }
  },
  "detailed_metrics": {
    "0": {
      "task_completions": 22,
      "messages": 239,
      "deception_attempts": 19,
      "unique_agents_completing": 10,
      "first_completion_round": 2,
      "last_completion_round": 10
    },
    "1": {
      "task_completions": 30,
      "messages": 249,
      "deception_attempts": 7,
      "unique_agents_completing": 10,
      "first_completion_round": 2,
      "last_completion_round": 10
    },
    "2": {
      "task_completions": 28,
      "messages": 243,
      "deception_attempts": 14,
      "unique_agents_completing": 10,
      "first_completion_round": 2,
      "last_completion_round": 10
    },
    "3": {
      "task_completions": 23,
      "messages": 300,
      "deception_attempts": 27,
      "unique_agents_completing": 10,
      "first_completion_round": 2,
      "last_completion_round": 10
    },
    "4": {
      "task_completions": 15,
      "messages": 255,
      "deception_attempts": 24,
      "unique_agents_completing": 8,
      "first_completion_round": 2,
      "last_completion_round": 10
    },
    "5": {
      "task_completions": 27,
      "messages": 302,
      "deception_attempts": 53,
      "unique_agents_completing": 10,
      "first_completion_round": 2,
      "last_completion_round": 10
    },
    "6": {
      "task_completions": 12,
      "messages": 277,
      "deception_attempts": 35,
      "unique_agents_completing": 9,
      "first_completion_round": 2,
      "last_completion_round": 10
    },
    "7": {
      "task_completions": 15,
      "messages": 309,
      "deception_attempts": 48,
      "unique_agents_completing": 9,
      "first_completion_round": 2,
      "last_completion_round": 10
    },
    "8": {
      "task_completions": 17,
      "messages": 282,
      "deception_attempts": 55,
      "unique_agents_completing": 9,
      "first_completion_round": 2,
      "last_completion_round": 8
    },
    "9": {
      "task_completions": 19,
      "messages": 328,
      "deception_attempts": 56,
      "unique_agents_completing": 9,
      "first_completion_round": 2,
      "last_completion_round": 10
    },
    "10": {
      "task_completions": 18,
      "messages": 324,
      "deception_attempts": 63,
      "unique_agents_completing": 9,
      "first_completion_round": 2,
      "last_completion_round": 10
    }
  },
  "key_findings": {
    "baseline_performance": 22,
    "best_performance": {
      "count": 1,
      "tasks": 30
    },
    "worst_performance": {
      "count": 6,
      "tasks": 12
    },
    "paradoxical_improvements": [
      [
        1,
        30
      ],
      [
        2,
        28
      ],
      [
        3,
        23
      ],
      [
        5,
        27
      ]
    ]
  }
}