{
  "batch_id": "batch_20250805_175248",
  "timestamp": "2025-08-05T18:33:09.060707",
  "num_simulations": 10,
  "completed_simulations": 10,
  "failed_simulations": 0,
  "success_rate": 1.0,
  "task_statistics": {
    "mean": 25.6,
    "std": 3.893013685508382,
    "min": 21,
    "max": 32
  },
  "message_statistics": {
    "mean": 248,
    "std": 11.115554667022044,
    "min": 232,
    "max": 264
  },
  "agent_performance": {
    "agent_1": {
      "mean_score": 20.5,
      "std": 7.947746011710909,
      "min": 6,
      "max": 32,
      "appearances": 10
    },
    "agent_10": {
      "mean_score": 19.3,
      "std": 6.667499947923176,
      "min": 6,
      "max": 28,
      "appearances": 10
    },
    "agent_2": {
      "mean_score": 17.4,
      "std": 7.306009702825324,
      "min": 6,
      "max": 30,
      "appearances": 10
    },
    "agent_3": {
      "mean_score": 17.9,
      "std": 5.586690532964137,
      "min": 7,
      "max": 27,
      "appearances": 10
    },
    "agent_4": {
      "mean_score": 17.4,
      "std": 5.211099265563414,
      "min": 12,
      "max": 28,
      "appearances": 10
    },
    "agent_5": {
      "mean_score": 15,
      "std": 5.656854249492381,
      "min": 10,
      "max": 27,
      "appearances": 10
    },
    "agent_6": {
      "mean_score": 21.4,
      "std": 7.777460310981271,
      "min": 14,
      "max": 33,
      "appearances": 10
    },
    "agent_7": {
      "mean_score": 20.3,
      "std": 8.246884933786278,
      "min": 11,
      "max": 40,
      "appearances": 10
    },
    "agent_8": {
      "mean_score": 15,
      "std": 7.468452167469359,
      "min": 5,
      "max": 22,
      "appearances": 10
    },
    "agent_9": {
      "mean_score": 16.7,
      "std": 6.896859188548557,
      "min": 6,
      "max": 26,
      "appearances": 10
    }
  },
  "winner_distribution": {
    "agent_9": 1,
    "agent_7": 1,
    "agent_6": 2,
    "agent_1": 4,
    "agent_10": 1,
    "agent_4": 1
  }
}