{
  "batch_id": "batch_20250805_171057",
  "timestamp": "2025-08-05T17:52:00.625040",
  "num_simulations": 10,
  "completed_simulations": 10,
  "failed_simulations": 0,
  "success_rate": 1.0,
  "task_statistics": {
    "mean": 28.5,
    "std": 1.509230856356236,
    "min": 26,
    "max": 31
  },
  "message_statistics": {
    "mean": 237,
    "std": 10.801234497346433,
    "min": 222,
    "max": 254
  },
  "agent_performance": {
    "agent_1": {
      "mean_score": 19.7,
      "std": 6.880729935438859,
      "min": 12,
      "max": 32,
      "appearances": 10
    },
    "agent_10": {
      "mean_score": 16.8,
      "std": 5.788878225624643,
      "min": 7,
      "max": 24,
      "appearances": 10
    },
    "agent_2": {
      "mean_score": 21.5,
      "std": 4.719934086168766,
      "min": 16,
      "max": 31,
      "appearances": 10
    },
    "agent_3": {
      "mean_score": 21.6,
      "std": 7.0898989179442236,
      "min": 7,
      "max": 33,
      "appearances": 10
    },
    "agent_4": {
      "mean_score": 21.6,
      "std": 6.04060335470629,
      "min": 13,
      "max": 36,
      "appearances": 10
    },
    "agent_5": {
      "mean_score": 23,
      "std": 6.0553007081949835,
      "min": 13,
      "max": 32,
      "appearances": 10
    },
    "agent_6": {
      "mean_score": 20.4,
      "std": 6.4152595859836845,
      "min": 11,
      "max": 32,
      "appearances": 10
    },
    "agent_7": {
      "mean_score": 19.4,
      "std": 8.553102101317133,
      "min": 0,
      "max": 28,
      "appearances": 10
    },
    "agent_8": {
      "mean_score": 19.2,
      "std": 6.528569691917382,
      "min": 7,
      "max": 30,
      "appearances": 10
    },
    "agent_9": {
      "mean_score": 18.2,
      "std": 7.420691791650335,
      "min": 0,
      "max": 26,
      "appearances": 10
    }
  },
  "winner_distribution": {
    "agent_7": 2,
    "agent_3": 1,
    "agent_5": 3,
    "agent_4": 1,
    "agent_6": 1,
    "agent_2": 2
  }
}