{
  "batch_id": "batch_20250807_120702",
  "timestamp": "2025-08-07T12:48:40.838815",
  "num_simulations": 10,
  "completed_simulations": 10,
  "failed_simulations": 0,
  "success_rate": 1.0,
  "task_statistics": {
    "mean": 30.9,
    "std": 1.8529256146249728,
    "min": 27,
    "max": 33
  },
  "message_statistics": {
    "mean": 231.6,
    "std": 9.311880106139206,
    "min": 217,
    "max": 242
  },
  "agent_performance": {
    "agent_1": {
      "mean_score": 22.7,
      "std": 5.793674711844519,
      "min": 14,
      "max": 31,
      "appearances": 10
    },
    "agent_10": {
      "mean_score": 20.5,
      "std": 6.258327785172862,
      "min": 10,
      "max": 33,
      "appearances": 10
    },
    "agent_2": {
      "mean_score": 25.4,
      "std": 5.796550698475776,
      "min": 19,
      "max": 39,
      "appearances": 10
    },
    "agent_3": {
      "mean_score": 20.1,
      "std": 5.216427044549853,
      "min": 10,
      "max": 25,
      "appearances": 10
    },
    "agent_4": {
      "mean_score": 22.5,
      "std": 7.5901983578238,
      "min": 14,
      "max": 36,
      "appearances": 10
    },
    "agent_5": {
      "mean_score": 21.6,
      "std": 6.168017869984201,
      "min": 14,
      "max": 32,
      "appearances": 10
    },
    "agent_6": {
      "mean_score": 25.6,
      "std": 8.959166627910582,
      "min": 15,
      "max": 40,
      "appearances": 10
    },
    "agent_7": {
      "mean_score": 23.3,
      "std": 4.715223571935199,
      "min": 16,
      "max": 30,
      "appearances": 10
    },
    "agent_8": {
      "mean_score": 20.6,
      "std": 5.295700562196133,
      "min": 13,
      "max": 33,
      "appearances": 10
    },
    "agent_9": {
      "mean_score": 25.5,
      "std": 6.802777210652851,
      "min": 14,
      "max": 39,
      "appearances": 10
    }
  },
  "winner_distribution": {
    "agent_2": 1,
    "agent_6": 1,
    "agent_9": 2,
    "agent_1": 2,
    "agent_8": 1,
    "agent_5": 1,
    "agent_10": 1,
    "agent_4": 1
  }
}